X,Y,Z,area,volume,atomic_block,cellId,baseCellId,velocity_x,velocity_y,velocity_z
0.000385405,0.000120646,1.76033e-05,1.29029e-10,8.11177e-17,55,19,19,0.000191416,-5.16914e-05,-5.55533e-07
0.000524202,4.93803e-05,1.53728e-05,1.29239e-10,8.11162e-17,74,81,81,8.02669e-05,1.39071e-05,-1.6618e-08
0.000230249,7.7861e-05,8.85009e-06,1.29026e-10,8.11169e-17,33,175,175,0.000200994,5.36069e-05,-5.55051e-07
2.74687e-05,6.77327e-05,9.84911e-06,1.29086e-10,8.11171e-17,3,237,237,0.000219362,-3.06374e-07,6.26933e-07
0.000277909,9.97869e-05,1.72939e-05,1.29218e-10,8.11164e-17,39,303,303,0.000237322,6.50313e-05,-2.03889e-06
0.000497545,4.62826e-05,1.50509e-05,1.29262e-10,8.11162e-17,70,421,421,0.000113229,2.97697e-05,-2.10114e-07
0.000268348,3.4979e-05,2.10747e-05,1.29308e-10,8.11157e-17,38,459,459,8.67743e-05,-2.26943e-05,-3.74898e-07
9.43523e-05,7.26145e-05,1.56508e-05,1.29214e-10,8.1116e-17,13,507,507,0.000199722,8.90262e-07,1.25308e-06
0.000527695,6.28454e-05,1.9576e-05,1.29215e-10,8.11162e-17,74,640,640,0.000149843,-7.01248e-05,4.93625e-06
0.00014481,6.86648e-05,8.32026e-06,1.29159e-10,8.11168e-17,21,713,713,0.000187459,-6.12473e-07,-1.9458e-07
0.000711869,6.68759e-05,1.12196e-05,1.29049e-10,8.11168e-17,103,740,740,0.000242414,-1.34013e-07,7.54879e-07
0.000606066,5.56689e-05,1.14463e-05,1.29303e-10,8.1116e-17,86,865,865,0.000189255,8.86024e-07,1.09517e-06
6.20148e-05,5.50353e-05,1.7591e-05,1.29555e-10,8.1115e-17,8,895,895,0.000207994,1.09676e-07,-2.04316e-06
0.000345269,1.20159e-05,1.82902e-05,1.29225e-10,8.11161e-17,48,933,933,9.69682e-05,-2.49176e-05,3.1206e-08
9.10464e-05,5.62724e-05,2.0062e-05,1.29469e-10,8.11154e-17,12,947,947,0.000213887,-4.27953e-07,1.55843e-06
0.000180477,6.45744e-05,1.10224e-05,1.29168e-10,8.11161e-17,24,1202,1202,0.000213641,2.6482e-05,3.9686e-06
0.000615693,5.47502e-05,2.33641e-05,1.29392e-10,8.11158e-17,88,1231,1231,0.000147871,-1.2326e-07,-6.87094e-07
0.000617477,5.36976e-05,9.13487e-06,1.29117e-10,8.11159e-17,88,1340,1340,0.000111598,1.02404e-07,-3.59637e-07
0.000181039,7.78881e-05,1.73473e-05,1.28878e-10,8.11173e-17,25,1424,1424,0.000135234,3.10149e-05,9.79733e-08
0.000343923,2.05025e-05,1.88163e-05,1.28852e-10,8.11178e-17,48,1507,1507,7.68218e-05,-2.06475e-05,-3.95562e-07
0.000545465,5.95615e-05,1.00944e-05,1.29011e-10,8.11175e-17,78,1519,1519,0.000162859,-1.82545e-05,-6.71387e-06
0.000320263,0.000111423,1.10068e-05,1.29385e-10,8.1116e-17,45,1522,1522,0.00018841,5.04906e-05,8.94805e-07
6.46106e-05,6.59242e-05,2.5756e-05,1.2937e-10,8.11156e-17,8,1595,1595,0.000188268,2.22722e-06,-1.56566e-06
0.000185113,5.29659e-05,1.029e-05,1.29143e-10,8.11166e-17,26,1631,1631,0.000109803,-3.17431e-06,2.67443e-06
0.000106253,6.33489e-05,8.74082e-06,1.29374e-10,8.11158e-17,14,1865,1865,0.000222903,1.58929e-07,6.04401e-07
0.000417654,0.000106008,1.26084e-05,1.2937e-10,8.11156e-17,59,1888,1888,0.00026063,-7.2372e-05,-1.65404e-06
0.00026348,8.43994e-05,1.1429e-05,1.29641e-10,8.11142e-17,37,1944,1944,0.000210238,5.56219e-05,5.57893e-07
0.000365041,0.000121083,2.14178e-05,1.28908e-10,8.11174e-17,53,2008,2008,0.000208722,6.65776e-06,1.00347e-06
0.000652239,5.71787e-05,2.56769e-05,1.28784e-10,8.11187e-17,94,2045,2045,0.000150034,-1.10826e-06,1.62152e-06
0.000341638,0.000104994,1.25602e-05,1.29037e-10,8.11167e-17,49,2086,2086,0.000219172,5.99759e-05,2.91028e-07
0.000188592,6.66541e-05,2.60008e-05,1.29325e-10,8.11156e-17,26,2108,2108,0.000143757,3.23532e-05,-3.12861e-06
0.000538282,5.52138e-05,8.4107e-06,1.28982e-10,8.11177e-17,76,2120,2120,7.71359e-05,-3.8358e-06,-5.09861e-06
0.00027722,3.04686e-05,2.19001e-05,1.29642e-10,8.1115e-17,38,2266,2266,5.55921e-05,-1.57371e-05,4.83599e-07
0.000685502,6.14448e-05,8.79133e-06,1.29084e-10,8.11167e-17,98,2321,2321,0.000218264,-2.24367e-06,-9.68825e-07
0.000161161,7.34072e-05,1.24548e-05,1.29735e-10,8.11147e-17,23,2351,2351,0.000168143,7.4792e-06,-7.9039e-07
8.67244e-05,6.55886e-05,1.90682e-05,1.29235e-10,8.11165e-17,12,2419,2419,0.000275187,8.54586e-07,1.59689e-07
0.000665086,6.40429e-05,1.47622e-05,1.29185e-10,8.11165e-17,96,2605,2605,0.00028166,1.13382e-06,1.09534e-06
0.000139798,6.21888e-05,1.33451e-05,1.29208e-10,8.11161e-17,20,2724,2724,0.000272884,-1.16354e-06,-7.3689e-07
0.000674674,6.67878e-05,8.70472e-06,1.28968e-10,8.11175e-17,97,2952,2952,0.000211467,1.75998e-07,-3.57501e-07
0.000696171,7.02347e-05,1.78193e-05,1.29243e-10,8.11163e-17,101,2981,2981,0.000238576,-1.05718e-06,-1.31559e-06
0.000200532,5.9254e-05,1.45972e-05,1.28966e-10,8.11171e-17,28,3035,3035,0.000143445,4.19099e-05,5.50261e-06
0.00071445,5.7523e-05,1.81785e-05,1.2904e-10,8.11172e-17,102,3122,3122,0.000240068,8.64098e-07,-5.34858e-07
0.000427113,0.000103644,1.80004e-05,1.29252e-10,8.11162e-17,61,3174,3174,0.000273898,-6.73778e-05,2.52263e-06
0.000321486,0.000101814,2.69131e-05,1.2988e-10,8.11135e-17,45,3177,3177,0.000126456,3.28797e-05,2.79248e-06
0.000560122,5.59745e-05,1.73445e-05,1.29182e-10,8.11159e-17,80,3194,3194,0.000206763,4.69501e-06,-3.41046e-06
0.000644429,6.30438e-05,2.14499e-05,1.29378e-10,8.11154e-17,92,3349,3349,0.000261448,1.69848e-06,-3.74256e-07
0.000619377,6.5382e-05,9.68909e-06,1.29461e-10,8.11147e-17,88,3352,3352,0.000235801,-1.0254e-06,-2.10257e-07
2.04931e-05,5.95363e-05,2.04291e-05,1.29103e-10,8.11169e-17,2,3388,3388,0.000255277,-2.12814e-06,-1.04526e-06
0.000221692,7.92393e-05,1.2727e-05,1.29318e-10,8.11158e-17,31,3429,3429,0.000257791,6.80522e-05,3.12811e-06
0.000260807,8.46912e-05,1.82878e-05,1.29284e-10,8.11155e-17,37,3533,3533,0.000252456,6.84678e-05,2.64992e-06
0.000258404,3.85282e-05,2.09796e-05,1.29421e-10,8.1115e-17,36,3544,3544,8.94518e-05,-2.30544e-05,3.92918e-07
0.000105914,6.57383e-05,2.49012e-05,1.29221e-10,8.1116e-17,14,3760,3760,0.000208583,-3.20332e-06,1.28802e-06
4.75356e-05,6.32464e-05,2.07655e-05,1.29321e-10,8.11156e-17,6,3786,3786,0.000265945,-3.93878e-06,4.85287e-07
0.000346997,0.000108912,2.24544e-05,1.29088e-10,8.11168e-17,49,3972,3972,0.000229264,6.3343e-05,3.1969e-06
0.000258945,9.38849e-05,1.13619e-05,1.29435e-10,8.11153e-17,37,3996,3996,0.000213866,5.92778e-05,9.80891e-07
0.00067912,5.55695e-05,2.4369e-05,1.29228e-10,8.11159e-17,98,4105,4105,0.000146085,-2.00769e-06,-2.18637e-06
0.000576202,6.72853e-05,2.20587e-05,1.29324e-10,8.11162e-17,83,4356,4356,0.000242074,-4.7738e-06,2.77347e-06
4.43846e-05,5.30862e-05,1.85923e-05,1.29586e-10,8.11148e-17,6,4441,4441,0.000157819,-2.45399e-06,-7.90118e-08
0.000567105,7.36939e-05,1.97819e-05,1.29407e-10,8.11158e-17,81,4543,4543,0.00017936,-1.42354e-05,6.51449e-07
0.000526842,7.51549e-05,1.90695e-05,1.29207e-10,8.11164e-17,75,4568,4568,0.000247959,-8.5982e-05,-2.28363e-07
0.00046654,9.9924e-05,1.1132e-05,1.29893e-10,8.11139e-17,67,4599,4599,0.000125982,-2.96666e-05,-3.24428e-06
0.000177159,5.22769e-05,1.92795e-05,1.29624e-10,8.11145e-17,24,4600,4600,0.000132625,-1.10735e-05,6.60451e-07
0.000359564,0.00010973,2.17326e-05,1.29023e-10,8.11175e-17,51,4713,4713,0.000221487,3.97589e-05,-8.32034e-07
0.000503925,7.84236e-05,2.14572e-05,1.29347e-10,8.11154e-17,73,4823,4823,0.000249477,-6.55385e-05,4.5745e-08
0.000625165,5.97446e-05,1.70276e-05,1.29159e-10,8.1117e-17,90,4931,4931,0.000267178,-2.02604e-06,-4.76434e-07
0.000239737,9.42555e-05,1.68407e-05,1.29502e-10,8.11143e-17,35,5005,5005,0.000132118,3.70919e-05,-1.85965e-06
0.000704222,6.29541e-05,1.75627e-05,1.29255e-10,8.11162e-17,100,5133,5133,0.000281218,-2.50959e-07,1.44257e-06
0.000126206,5.47369e-05,2.43755e-05,1.29483e-10,8.11155e-17,18,5213,5213,0.000128306,-2.96465e-06,1.8986e-06
0.000523933,8.50772e-05,1.92542e-05,1.28803e-10,8.11183e-17,75,5291,5291,0.000146045,-4.14609e-05,1.18646e-06
0.000524889,6.98755e-05,1.11757e-05,1.29398e-10,8.11154e-17,75,5307,5307,0.000197546,-8.00942e-05,5.03036e-06
0.000573669,5.90532e-05,2.61143e-05,1.29212e-10,8.11161e-17,82,5312,5312,0.000162438,-1.96048e-06,-2.69149e-07
0.000631981,6.23908e-05,2.36443e-05,1.29056e-10,8.11174e-17,90,5353,5353,0.000232758,-5.75568e-07,-1.3199e-06
0.000185895,7.26284e-05,1.10214e-05,1.28953e-10,8.11174e-17,27,5358,5358,0.000188931,4.60688e-05,2.75236e-06
0.000574688,6.47441e-05,8.15425e-06,1.29344e-10,8.11161e-17,82,5441,5441,0.000211407,-3.47628e-06,9.26809e-07
0.000143449,5.98262e-05,2.63736e-05,1.29301e-10,8.1116e-17,20,5522,5522,0.000165937,1.82253e-07,1.85724e-07
0.000405898,9.71989e-05,2.14049e-05,1.28907e-10,8.11182e-17,59,5567,5567,0.000129327,-3.31576e-05,-3.46785e-06
0.00016578,5.33453e-05,1.10636e-05,1.29536e-10,8.11148e-17,22,5687,5687,0.000129701,-6.84055e-06,-6.82513e-07
3.95337e-05,5.38358e-05,9.10177e-06,1.29124e-10,8.11173e-17,4,5691,5691,0.000118086,8.75009e-07,-1.94658e-06
0.000125935,6.22824e-05,1.48378e-05,1.29285e-10,8.1116e-17,18,5706,5706,0.000280371,1.55902e-06,2.80824e-06
0.00028763,0.000102705,9.89561e-06,1.28962e-10,8.1118e-17,41,5711,5711,0.000176308,4.65952e-05,1.62051e-06
0.000254321,4.31852e-05,1.37737e-05,1.29279e-10,8.11161e-17,36,5840,5840,9.0788e-05,-2.43173e-05,-8.21904e-07
0.000297284,9.75137e-05,2.37828e-05,1.28982e-10,8.1117e-17,43,6012,6012,0.000217323,5.76011e-05,9.5676e-07
0.000114811,7.34398e-05,2.38517e-05,1.29663e-10,8.11139e-17,17,6075,6075,0.000118587,2.29798e-06,8.1872e-07
0.00047045,3.91536e-05,2.16726e-05,1.28884e-10,8.11171e-17,66,6108,6108,7.6435e-05,1.9674e-05,-9.00745e-08
0.000451965,9.02698e-05,1.26789e-05,1.29269e-10,8.11161e-17,65,6175,6175,0.000245479,-6.46306e-05,-1.30017e-06
0.000367591,0.000116992,1.15357e-05,1.29461e-10,8.1116e-17,53,6255,6255,0.000245171,-1.17801e-05,1.74457e-06
0.000107915,6.18796e-05,1.56095e-05,1.2923e-10,8.11164e-17,14,6284,6284,0.000283018,-2.59678e-06,7.60363e-07
0.000167225,6.66254e-05,2.67099e-05,1.29715e-10,8.11149e-17,22,6344,6344,0.000161626,1.24032e-05,4.70479e-07
0.00045109,0.000100185,1.23217e-05,1.29181e-10,8.11163e-17,65,6431,6431,0.000216563,-5.75448e-05,-8.08808e-07
0.000710239,6.30671e-05,2.44869e-05,1.28999e-10,8.1117e-17,102,6527,6527,0.000213024,2.81777e-07,-1.33406e-06
0.000593372,6.79899e-05,2.56002e-05,1.28844e-10,8.1118e-17,85,6605,6605,0.000178927,-9.44501e-07,-1.68993e-06
0.000330571,0.000109262,1.23601e-05,1.292e-10,8.11165e-17,47,6789,6789,0.000258401,7.05629e-05,-8.37837e-07
0.000400921,0.000103151,2.55453e-05,1.29181e-10,8.1117e-17,57,6801,6801,0.0001474,-3.8628e-05,-1.37552e-06
0.000640336,5.46229e-05,1.18472e-05,1.29419e-10,8.11164e-17,92,6805,6805,0.000175175,-4.49996e-07,-3.61945e-07
0.000513941,4.93385e-05,1.31538e-05,1.29189e-10,8.11158e-17,72,6937,6937,8.76821e-05,2.44786e-05,-2.87236e-06
0.000714621,7.25666e-05,2.09912e-05,1.28983e-10,8.11169e-17,103,7067,7067,0.000184134,-9.24757e-07,-3.73452e-07
0.000658137,5.62403e-05,1.63197e-05,1.29011e-10,8.11174e-17,94,7076,7076,0.000221943,1.39196e-06,1.99749e-06
0.000198415,6.74359e-05,2.17615e-05,1.29387e-10,8.11153e-17,29,7129,7129,0.000197915,7.29047e-05,-6.02044e-07
0.000472013,8.97212e-05,2.18779e-05,1.29232e-10,8.11163e-17,67,7166,7166,0.00025019,-6.59754e-05,6.35659e-07
0.000466492,9.36438e-05,2.08349e-05,1.29221e-10,8.1116e-17,67,7187,7187,0.000248409,-6.9492e-05,-8.96399e-07
0.000548419,4.93042e-05,1.06864e-05,1.28984e-10,8.11177e-17,78,7198,7198,5.23493e-05,6.20518e-06,-2.51414e-06
0.000511925,8.47844e-05,1.92525e-05,1.29181e-10,8.11159e-17,73,7494,7494,0.000225338,-5.88861e-05,4.23786e-07
0.000489263,8.23184e-05,1.48476e-05,1.29235e-10,8.11161e-17,71,7505,7505,0.000273069,-7.2911e-05,1.23091e-06
6.88511e-05,6.47485e-05,1.70944e-05,1.29175e-10,8.11165e-17,8,7594,7594,0.000282051,1.18521e-06,2.01827e-06
0.000499056,7.477e-05,1.15488e-05,1.29068e-10,8.11169e-17,71,7621,7621,0.000188417,-4.86277e-05,-1.32997e-06
0.000397952,9.86712e-05,9.28945e-06,1.29087e-10,8.11162e-17,57,7658,7658,7.39926e-05,-1.94552e-05,-4.46981e-07
0.000373652,0.000120263,1.99323e-05,1.29483e-10,8.1115e-17,53,7690,7690,0.000230922,-4.0398e-05,7.80055e-07
0.000567068,5.92814e-05,1.12292e-05,1.2923e-10,8.1116e-17,80,7743,7743,0.000228299,-3.38595e-06,-5.41299e-07
1.09669e-05,7.50791e-05,2.02786e-05,1.2912e-10,8.11164e-17,1,7752,7752,0.000121692,-2.08734e-06,3.74042e-06
1.21115e-05,6.44695e-05,2.0343e-05,1.2912e-10,8.11165e-17,0,7780,7780,0.000273374,-2.54087e-06,2.02812e-06
4.32002e-05,7.262e-05,8.7337e-06,1.29427e-10,8.11158e-17,7,7853,7853,0.000125255,3.47882e-07,-1.06441e-06
0.000701606,5.62069e-05,2.61656e-05,1.29875e-10,8.11145e-17,100,8066,8066,0.000121236,-4.45764e-08,2.05703e-07
0.000551226,7.39847e-05,2.24329e-05,1.2918e-10,8.11161e-17,79,8076,8076,0.00016475,-3.59126e-05,1.55564e-06
0.000327579,0.000116866,1.08238e-05,1.28486e-10,8.11201e-17,47,8197,8197,0.000112905,2.7202e-05,-5.28779e-07
3.6996e-05,5.84803e-05,2.31361e-05,1.29363e-10,8.1116e-17,4,8201,8201,0.000214215,2.9519e-07,-9.46259e-07
0.000481116,3.85265e-05,1.98909e-05,1.29222e-10,8.11164e-17,68,8244,8244,9.5976e-05,2.54656e-05,-5.69472e-07
0.000307115,9.48079e-05,1.99207e-05,1.29636e-10,8.11141e-17,43,8312,8312,0.000215137,5.67279e-05,1.5485e-06
0.000408417,0.000109329,1.86324e-05,1.29182e-10,8.11165e-17,59,8313,8313,0.000270919,-7.49497e-05,-2.28428e-06
0.000674039,7.01445e-05,1.83737e-05,1.28958e-10,8.1117e-17,97,8325,8325,0.000243657,5.19569e-07,-7.68972e-07
0.00041598,0.000100287,2.01308e-05,1.29126e-10,8.11163e-17,59,8379,8379,0.000250225,-6.94511e-05,-1.0112e-06
8.47056e-05,5.90178e-05,1.20991e-05,1.29278e-10,8.11162e-17,12,8408,8408,0.000242694,-6.64684e-07,9.33426e-07
0.000542403,7.07571e-05,7.80939e-06,1.29297e-10,8.11162e-17,77,8433,8433,0.000156236,-4.03001e-05,-2.33849e-06
0.000649538,5.42414e-05,1.62316e-05,1.29307e-10,8.1116e-17,92,8466,8466,0.000188565,-6.90604e-07,2.07619e-07
7.80274e-05,6.64471e-05,1.64587e-05,1.29178e-10,8.1116e-17,10,8662,8662,0.000275195,5.29747e-07,-4.46258e-06
0.00032074,2.06083e-05,1.57412e-05,1.29252e-10,8.11163e-17,44,8778,8778,0.000114418,-3.07758e-05,2.15684e-07
0.000556465,6.32991e-05,1.11362e-05,1.29384e-10,8.1116e-17,78,8832,8832,0.000226226,-1.83204e-05,-4.69712e-06
0.000358065,0.000122273,2.17526e-05,1.29111e-10,8.11171e-17,51,9086,9086,0.000176427,3.33938e-05,1.63967e-06
0.000445501,0.000104736,1.08309e-05,1.29017e-10,8.11175e-17,63,9191,9191,0.000141377,-4.1017e-05,2.27158e-07
0.00054459,6.59889e-05,2.78592e-05,1.29652e-10,8.11146e-17,78,9312,9312,9.69981e-05,-2.5785e-05,7.7306e-06
0.000603916,7.24219e-05,1.13199e-05,1.28722e-10,8.11182e-17,87,9338,9338,0.000172351,8.22812e-07,-4.65676e-07
0.000188081,5.46219e-05,1.72404e-05,1.29235e-10,8.1116e-17,26,9397,9397,0.000157627,6.76026e-06,-1.33362e-06
0.000435936,0.00010267,1.05338e-05,1.28977e-10,8.11169e-17,63,9405,9405,0.000214916,-5.787e-05,-6.76377e-07
0.00041799,0.000108131,2.29484e-05,1.29431e-10,8.11151e-17,59,9436,9436,0.000204216,-5.77492e-05,1.22464e-06
0.000102374,5.61862e-05,1.92344e-05,1.28947e-10,8.11176e-17,14,9487,9487,0.000219675,4.21295e-07,1.69912e-07
3.54592e-05,6.64195e-05,2.7397e-05,1.29552e-10,8.11148e-17,4,9489,9489,0.000151058,2.34519e-06,1.21846e-07
0.000251286,7.831e-05,2.10791e-05,1.29344e-10,8.11156e-17,35,9491,9491,0.00016756,4.52873e-05,2.51181e-06
0.000209572,6.87829e-05,2.1786e-05,1.28951e-10,8.11173e-17,29,9508,9508,0.000187828,7.6197e-05,5.21286e-06
0.000622163,6.93585e-05,1.95424e-05,1.29393e-10,8.11154e-17,89,9645,9645,0.000247655,-7.59227e-07,9.79699e-07
0.000441036,9.30653e-05,1.04678e-05,1.29151e-10,8.11161e-17,63,9649,9649,0.000211769,-5.89648e-05,1.40897e-06
0.000292336,9.09563e-05,8.8639e-06,1.28961e-10,8.1117e-17,41,9935,9935,0.000147698,4.0407e-05,1.61606e-06
9.55074e-05,6.39085e-05,1.20561e-05,1.29242e-10,8.1116e-17,12,10020,10020,0.000265931,5.544e-07,1.87301e-06
0.000613368,6.51539e-05,1.94674e-05,1.2936e-10,8.11158e-17,88,10024,10024,0.000273362,1.75565e-06,-7.41316e-07
0.000282235,9.36613e-05,1.04543e-05,1.28908e-10,8.11176e-17,41,10053,10053,0.000230526,6.37455e-05,-2.63948e-07
0.000335675,0.000107379,2.21721e-05,1.2907e-10,8.11173e-17,47,10199,10199,0.000240517,6.36969e-05,-3.1808e-06
0.000104381,7.19918e-05,1.11641e-05,1.29129e-10,8.11166e-17,15,10300,10300,0.000180232,-5.26974e-08,5.92102e-07
0.000159455,5.65029e-05,1.37619e-05,1.29343e-10,8.11158e-17,22,10329,10329,0.000216921,1.43716e-06,-1.08854e-06
0.000163184,6.52552e-05,2.02626e-05,1.29342e-10,8.11157e-17,22,10362,10362,0.000262391,1.12417e-05,-4.91668e-06
0.00043379,9.78966e-05,2.42807e-05,1.28919e-10,8.11175e-17,63,10390,10390,0.000210365,-5.59252e-05,6.19308e-07
0.000363901,0.000106799,1.53003e-05,1.29217e-10,8.11156e-17,53,10602,10602,0.000187035,1.61946e-05,2.00648e-06
0.000395216,0.00010918,8.46197e-06,1.29586e-10,8.11151e-17,57,10672,10672,0.000199861,-5.26013e-05,3.05162e-08
0.00059563,5.90106e-05,2.01974e-05,1.29095e-10,8.11164e-17,84,10775,10775,0.000245469,-8.61082e-07,-6.55621e-07
0.000156287,6.74937e-05,1.14654e-05,1.29512e-10,8.11148e-17,23,10921,10921,0.000240744,7.93053e-07,5.21521e-07
0.000284909,0.000100893,2.4952e-05,1.29165e-10,8.11173e-17,41,11038,11038,0.000158329,4.25852e-05,-1.69888e-07
0.000113696,6.02542e-05,2.36259e-05,1.2901e-10,8.11166e-17,16,11146,11146,0.000224305,-1.35195e-07,-2.02965e-06
6.16389e-05,7.39229e-05,1.70546e-05,1.29558e-10,8.11143e-17,9,11236,11236,0.000168218,2.54498e-06,-1.18126e-06
0.000681888,7.22767e-05,1.47045e-05,1.29258e-10,8.1116e-17,99,11261,11261,0.000204297,-3.00856e-07,-2.5064e-06
0.000365339,8.84593e-06,2.0585e-05,1.29214e-10,8.11166e-17,52,11323,11323,8.74182e-05,-3.13462e-06,6.07892e-07
6.00176e-05,6.23963e-05,1.49487e-05,1.29278e-10,8.1116e-17,8,11342,11342,0.000279394,4.87557e-06,1.73951e-06
0.000605743,5.69889e-05,2.01239e-05,1.29197e-10,8.1116e-17,86,11401,11401,0.00022689,1.64147e-06,6.4268e-07
2.57169e-05,5.90133e-05,1.20333e-05,1.29099e-10,8.11165e-17,2,11581,11581,0.000241747,1.41848e-06,4.29874e-08
0.000532426,7.25725e-05,5.54301e-06,1.28671e-10,8.11186e-17,77,11589,11589,0.000110193,-3.69888e-05,1.93067e-06
0.000515297,7.78698e-05,2.21255e-05,1.29319e-10,8.11156e-17,73,11643,11643,0.000241279,-6.84137e-05,1.62596e-06
0.000219279,7.04812e-05,2.05846e-05,1.29593e-10,8.11148e-17,31,11750,11750,0.000191157,5.71261e-05,1.41219e-06
0.000468171,8.53895e-05,1.13885e-05,1.29051e-10,8.11178e-17,67,11842,11842,0.000220222,-5.6657e-05,1.5137e-07
0.000543564,7.40626e-05,2.05163e-05,1.29431e-10,8.11152e-17,79,12037,12037,0.000200373,-5.08956e-05,-1.422e-06
0.000533929,7.13689e-05,2.34351e-05,1.2949e-10,8.1115e-17,77,12108,12108,0.000196664,-6.66994e-05,-1.1128e-06
0.000492242,8.75947e-05,2.28017e-05,1.29437e-10,8.11148e-17,71,12161,12161,0.000219833,-5.72234e-05,-1.30612e-06
0.000640937,5.94185e-05,2.9148e-05,1.29302e-10,8.11161e-17,92,12174,12174,9.20842e-05,9.90062e-08,-3.15552e-07
0.000182309,5.98077e-05,2.30614e-05,1.2928e-10,8.11157e-17,26,12187,12187,0.000178893,1.22542e-05,-5.44677e-06
4.4176e-05,6.30427e-05,1.10156e-05,1.29168e-10,8.11163e-17,6,12376,12376,0.000255413,-1.67508e-06,1.36288e-06
0.000353642,0.000120265,1.34367e-05,1.28946e-10,8.11179e-17,51,12504,12504,0.00021916,5.1738e-05,-1.31872e-06
0.000588344,5.33769e-05,2.0244e-05,1.29554e-10,8.11155e-17,84,12554,12554,0.000152715,-1.56115e-06,1.23624e-06
0.000249214,9.49748e-05,1.93982e-05,1.29044e-10,8.11171e-17,35,12634,12634,0.000166676,4.40648e-05,-1.76464e-06
0.000235335,8.86661e-05,2.32887e-05,1.29002e-10,8.1117e-17,33,12695,12695,0.000175328,4.48362e-05,-3.79789e-07
0.000405567,0.000114613,9.55612e-06,1.29606e-10,8.11143e-17,57,12715,12715,0.000143767,-3.81435e-05,1.04369e-06
0.000155344,7.30469e-05,2.23378e-05,1.29712e-10,8.11141e-17,23,12781,12781,0.00015285,1.732e-06,1.6631e-06
0.000124317,6.62125e-05,2.60279e-05,1.29174e-10,8.11164e-17,16,12855,12855,0.000186987,1.57921e-06,-1.10132e-06
0.000109022,5.17108e-05,1.16424e-05,1.2874e-10,8.11189e-17,14,12928,12928,9.42356e-05,1.13709e-06,-1.34205e-06
0.0002449,4.14989e-05,1.83001e-05,1.2914e-10,8.11165e-17,34,12956,12956,0.000113502,-3.09124e-05,3.58632e-07
5.4579e-05,6.83114e-05,1.10446e-05,1.2918e-10,8.11157e-17,7,13063,13063,0.000228318,1.25908e-07,-4.31999e-08
0.000398445,0.000110822,1.75237e-05,1.29322e-10,8.11158e-17,57,13064,13064,0.000277969,-7.60955e-05,1.47621e-06
0.000459497,9.7787e-05,1.86911e-05,1.28902e-10,8.11181e-17,65,13162,13162,0.00024255,-6.77791e-05,7.49761e-07
0.00069763,6.01905e-05,1.14891e-05,1.29187e-10,8.1116e-17,100,13253,13253,0.000247215,1.604e-07,1.74674e-06
9.43891e-05,5.74112e-05,9.36467e-06,1.29477e-10,8.11148e-17,12,13312,13312,0.000188225,1.0443e-06,2.31051e-07
0.000233781,4.63496e-05,1.75503e-05,1.29155e-10,8.11166e-17,32,13319,13319,0.00011502,-3.01841e-05,1.04124e-07
0.000472612,3.6188e-05,1.22062e-05,1.29102e-10,8.11169e-17,66,13360,13360,8.39132e-05,2.251e-05,2.37581e-07
0.000224908,8.42834e-05,2.28652e-05,1.29256e-10,8.11165e-17,33,13411,13411,0.000210332,5.54404e-05,-2.91223e-07
0.000509049,6.77549e-05,1.7561e-05,1.28743e-10,8.11174e-17,73,13439,13439,0.000107205,-2.8125e-05,-1.63825e-06
0.000425618,9.23218e-05,2.09553e-05,1.29035e-10,8.11177e-17,61,13466,13466,0.000149844,-3.91822e-05,4.53474e-07
0.000518359,7.83387e-05,1.02103e-05,1.29542e-10,8.11147e-17,75,13613,13613,0.000218846,-6.47967e-05,-9.31342e-07
8.93992e-05,6.40407e-05,2.83785e-05,1.2872e-10,8.11188e-17,12,13702,13702,0.000129009,8.65932e-07,-4.05253e-06
0.000421323,2.50525e-05,1.30251e-05,1.29292e-10,8.11161e-17,60,13717,13717,9.76552e-05,2.60032e-05,-9.89165e-07
0.000697254,5.39165e-05,1.95567e-05,1.29388e-10,8.1116e-17,100,13884,13884,0.000172007,1.19823e-07,-1.3427e-06
0.000535148,4.73658e-05,1.42793e-05,1.28968e-10,8.11175e-17,76,13951,13951,5.55535e-05,5.78904e-06,-5.96487e-07
0.000446615,3.64083e-05,1.94368e-05,1.29131e-10,8.11165e-17,62,14128,14128,6.62252e-05,1.71078e-05,4.87979e-08
0.00037564,0.000121979,9.11911e-06,1.29327e-10,8.1116e-17,53,14260,14260,0.000140758,-2.86341e-05,-2.21371e-07
0.000602495,6.50317e-05,2.61013e-05,1.29468e-10,8.11149e-17,86,14265,14265,0.000188242,1.06476e-06,-5.18406e-07
0.000117785,5.82969e-05,9.7716e-06,1.29181e-10,8.11168e-17,16,14512,14512,0.00020661,-6.24711e-07,3.47088e-07
0.000691215,7.00005e-05,1.25441e-05,1.28935e-10,8.11179e-17,99,14647,14647,0.000227747,-1.41558e-06,-5.28999e-07
0.00013523,7.0628e-05,1.49932e-05,1.28922e-10,8.11177e-17,19,14852,14852,0.000229132,1.23692e-06,-2.3079e-06
0.000314075,0.000115204,1.98459e-05,1.28798e-10,8.1117e-17,45,15086,15086,8.82004e-05,2.51251e-05,-7.96088e-07
0.000631002,6.70999e-05,1.08054e-05,1.29248e-10,8.11164e-17,91,15158,15158,0.000237965,-3.19226e-06,-1.40181e-06
3.49979e-05,6.40671e-05,1.05682e-05,1.28955e-10,8.11175e-17,4,15256,15256,0.000246423,5.14797e-07,9.36306e-07
8.1142e-05,5.21974e-05,1.72172e-05,1.28784e-10,8.11183e-17,10,15320,15320,0.000141287,9.0749e-07,2.44232e-06
0.000541999,5.24136e-05,1.74924e-05,1.29189e-10,8.1116e-17,76,15410,15410,0.00012793,-4.39862e-07,6.28591e-07
0.000528326,8.06233e-05,1.04911e-05,1.29167e-10,8.1116e-17,75,15417,15417,0.000164067,-4.76663e-05,7.35051e-07
0.000164391,6.34863e-05,6.34941e-06,1.29108e-10,8.11161e-17,22,15450,15450,0.000172277,4.78277e-06,1.5936e-06
0.000674423,5.54473e-05,9.65664e-06,1.29241e-10,8.11168e-17,96,15495,15495,0.000155525,-6.68857e-07,-3.11518e-07
0.000435555,9.31294e-05,1.74761e-05,1.29032e-10,8.11174e-17,63,15550,15550,0.000237461,-6.43126e-05,2.86119e-06
0.000484529,8.29993e-05,2.22428e-05,1.29133e-10,8.11169e-17,69,15567,15567,0.000237814,-6.48717e-05,-8.8738e-07
0.000384022,1.05752e-05,1.87918e-05,1.29161e-10,8.11166e-17,54,15569,15569,8.59225e-05,2.37522e-05,6.60208e-07
0.000558274,5.3929e-05,1.04695e-05,1.28972e-10,8.1118e-17,80,15586,15586,0.000131767,6.64524e-06,-1.58428e-06
0.000197912,5.27848e-05,1.18042e-05,1.28992e-10,8.11175e-17,28,15591,15591,9.40779e-05,4.63397e-06,5.1932e-06
0.000447228,9.61086e-05,2.30973e-05,1.29257e-10,8.11156e-17,63,15608,15608,0.000232649,-5.96852e-05,2.51439e-07
0.000454866,3.11471e-05,1.93729e-05,1.29315e-10,8.11156e-17,64,15652,15652,9.56535e-05,2.59295e-05,7.85808e-07
0.000595053,6.93744e-05,1.37781e-05,1.2937e-10,8.11161e-17,85,15668,15668,0.000234624,1.4034e-06,-4.76147e-07
0.000473777,9.55526e-05,1.09151e-05,1.29547e-10,8.11144e-17,67,15707,15707,0.00017996,-4.63431e-05,-4.20819e-07
0.000600634,6.2013e-05,1.10267e-05,1.294e-10,8.11153e-17,86,15792,15792,0.00025188,2.87008e-06,4.91651e-07
7.19371e-05,5.57258e-05,1.59269e-05,1.29571e-10,8.11149e-17,10,15879,15879,0.00021583,1.61667e-06,-6.40069e-08
0.000441332,0.000103049,1.85516e-05,1.29117e-10,8.11166e-17,63,15999,15999,0.000236971,-6.38568e-05,-2.65773e-07
4.63062e-05,7.27137e-05,1.85435e-05,1.29494e-10,8.11146e-17,7,16042,16042,0.000195872,-9.9727e-07,9.88335e-07
0.000725488,7.0558e-05,1.87594e-05,1.2911e-10,8.11168e-17,105,16061,16061,0.000235719,-1.80702e-06,-9.71832e-07
0.000215464,7.83834e-05,2.65402e-05,1.29218e-10,8.11158e-17,31,16124,16124,0.000156343,4.57422e-05,-9.20865e-08
0.000655287,6.97714e-05,1.05928e-05,1.29557e-10,8.11148e-17,95,16215,16215,0.000206133,3.26131e-07,3.51048e-07
0.000131064,5.51236e-05,9.7792e-06,1.29194e-10,8.11157e-17,18,16255,16255,0.000152261,4.0584e-07,-3.01263e-07
0.000305351,0.000110651,1.16086e-05,1.28758e-10,8.1118e-17,43,16273,16273,0.000130392,3.22697e-05,1.08376e-06
0.000430187,2.99511e-05,2.01616e-05,1.29024e-10,8.11169e-17,60,16584,16584,8.47697e-05,2.22421e-05,-4.14647e-07
0.00035255,0.000104003,1.301e-05,1.29513e-10,8.11146e-17,51,16592,16592,0.000146362,3.64206e-05,6.93913e-07
0.000151023,5.93119e-05,1.00228e-05,1.29244e-10,8.11165e-17,20,16725,16725,0.000220588,6.02494e-07,3.902e-07
0.000718744,6.48501e-05,1.7787e-05,1.29277e-10,8.11161e-17,102,16733,16733,0.000285214,2.37969e-07,1.26374e-06
0.000171708,7.2058e-05,1.70466e-05,1.29314e-10,8.11156e-17,25,16766,16766,0.000216983,2.79163e-05,-6.14004e-07
3.7737e-05,6.91887e-05,1.73382e-05,1.29339e-10,8.11152e-17,5,16852,16852,0.000255346,1.54714e-06,3.16013e-06
0.000245859,8.2096e-05,1.09719e-05,1.29471e-10,8.11157e-17,35,16863,16863,0.000232323,6.13088e-05,-6.35934e-07
0.000636578,6.77445e-05,2.01481e-05,1.29202e-10,8.11162e-17,91,16870,16870,0.000256293,-3.99182e-07,-1.05937e-06
0.000314458,9.41688e-05,1.16334e-05,1.2944e-10,8.1115e-17,45,16938,16938,0.000134628,3.25548e-05,-1.63063e-07
0.000115871,6.87031e-05,1.05603e-05,1.29109e-10,8.11173e-17,17,16952,16952,0.000222045,-7.00521e-07,6.22602e-07
0.000345292,0.000121052,1.22887e-05,1.28676e-10,8.11191e-17,49,17043,17043,0.000148863,3.56454e-05,2.47631e-06
0.000358886,0.000113846,1.22344e-05,1.29094e-10,8.11172e-17,51,17062,17062,0.000260448,4.64781e-05,4.2271e-07
0.00048728,8.17186e-05,7.90009e-06,1.29505e-10,8.11151e-17,69,17094,17094,0.000175402,-4.77987e-05,2.10485e-06
0.000305246,3.0621e-05,1.70309e-05,1.29117e-10,8.11167e-17,42,17100,17100,9.0039e-05,-2.49018e-05,7.5055e-07
0.000586165,7.21254e-05,1.90526e-05,1.2923e-10,8.11167e-17,85,17159,17159,0.000203968,-9.37182e-07,6.12212e-07
0.000370454,0.000111205,2.11227e-05,1.29083e-10,8.11167e-17,53,17269,17269,0.000250293,-3.00832e-05,5.8054e-08
0.000576266,7.24605e-05,1.30756e-05,1.29253e-10,8.11161e-17,83,17381,17381,0.000191381,-2.77275e-06,6.74952e-07
3.60729e-05,5.66216e-05,1.6472e-05,1.29255e-10,8.11165e-17,4,17384,17384,0.00023443,-1.58078e-07,-2.01678e-06
0.000348317,0.000120007,2.27587e-05,1.2946e-10,8.11152e-17,49,17402,17402,0.000169078,4.3979e-05,-1.88977e-07
0.000585955,6.89497e-05,9.26651e-06,1.29242e-10,8.11167e-17,85,17442,17442,0.000199433,-2.84317e-06,1.66299e-07
0.000610091,6.49116e-05,1.14781e-05,1.29166e-10,8.11169e-17,86,17585,17585,0.000252628,4.07338e-06,3.13908e-07
5.13473e-05,5.95654e-05,1.08791e-05,1.29291e-10,8.11163e-17,6,17674,17674,0.000234196,-7.1668e-07,7.32616e-07
0.000238432,8.17949e-05,1.41425e-05,1.29234e-10,8.11163e-17,35,17706,17706,0.000271799,7.10243e-05,-3.1717e-06
0.000616912,5.57689e-05,1.56574e-05,1.29135e-10,8.11172e-17,88,17846,17846,0.000217261,9.53335e-07,-1.29939e-06
0.00056477,6.98307e-05,1.13229e-05,1.29381e-10,8.11155e-17,81,17937,17937,0.00022302,-1.9295e-05,-1.43161e-06
0.000517502,6.88651e-05,1.49187e-05,1.2923e-10,8.11162e-17,75,18018,18018,0.00019699,-7.27175e-05,3.86835e-06
0.00054938,5.84032e-05,1.8338e-05,1.29018e-10,8.11169e-17,78,18208,18208,0.000202481,-1.28784e-05,4.88861e-08
0.000299596,0.000100292,9.78377e-06,1.29168e-10,8.11167e-17,43,18311,18311,0.000227383,5.77803e-05,-1.03765e-06
0.00066262,5.63752e-05,2.34046e-05,1.29178e-10,8.11163e-17,94,18464,18464,0.000174557,1.97044e-06,1.24497e-06
0.000133814,6.37125e-05,2.17249e-05,1.29256e-10,8.11163e-17,18,18685,18685,0.000260772,1.24036e-06,2.9213e-07
7.54592e-05,6.49431e-05,9.79197e-06,1.28927e-10,8.11172e-17,10,18693,18693,0.000235867,6.62337e-07,-6.67328e-07
0.000317548,0.000109661,2.30875e-05,1.29078e-10,8.11168e-17,45,18739,18739,0.000194407,5.33282e-05,-2.02278e-06
0.000570497,5.26894e-05,1.98338e-05,1.29224e-10,8.11167e-17,82,18844,18844,0.000138078,2.17579e-06,1.62857e-06
0.000520146,6.9438e-05,2.29997e-05,1.28955e-10,8.11176e-17,75,18900,18900,0.000173121,-6.32517e-05,-4.79562e-06
0.0005646,6.59837e-05,2.7357e-05,1.29622e-10,8.11149e-17,80,18929,18929,0.000151049,-1.11219e-05,1.46856e-06
0.0001344,5.41184e-05,1.65402e-05,1.2922e-10,8.11156e-17,18,19066,19066,0.000186565,2.00598e-07,-5.13704e-07
0.000299859,9.98203e-05,1.67913e-05,1.29195e-10,8.11163e-17,43,19144,19144,0.000281734,7.35399e-05,5.63817e-07
0.000705001,7.45004e-05,1.8271e-05,1.29604e-10,8.11147e-17,101,19285,19285,0.000152932,1.96138e-06,1.07738e-06
0.000191987,7.63261e-05,1.97975e-05,1.2927e-10,8.11162e-17,27,19320,19320,0.000190726,5.33875e-05,-3.71853e-06
0.00054929,6.97164e-05,1.0729e-05,1.29133e-10,8.11159e-17,79,19324,19324,0.00020132,-4.01125e-05,-2.84253e-06
0.000295222,3.35836e-05,1.67408e-05,1.2935e-10,8.11154e-17,42,19430,19430,8.29959e-05,-2.09099e-05,9.33525e-07
0.000148701,6.78992e-05,1.84932e-05,1.29121e-10,8.11163e-17,21,19447,19447,0.000259386,-2.91025e-06,1.67235e-08
0.000676891,6.32337e-05,1.79699e-05,1.29199e-10,8.11163e-17,96,19495,19495,0.00028531,-1.0786e-06,-1.80273e-06
0.000425915,0.000112834,2.00297e-05,1.28525e-10,8.11191e-17,61,19535,19535,9.41778e-05,-2.58878e-05,-4.36643e-07
0.00070126,6.74043e-05,2.71779e-05,1.29743e-10,8.1114e-17,101,19577,19577,0.000147461,7.49892e-07,1.29341e-06
0.00039262,0.00010611,2.3764e-05,1.28749e-10,8.11189e-17,57,19623,19623,0.000196839,-5.06169e-05,7.74804e-07
0.000175217,5.62057e-05,1.13979e-05,1.2938e-10,8.11156e-17,24,19801,19801,0.000174617,-1.9942e-06,1.98273e-06
0.000407023,1.76499e-05,1.73246e-05,1.29302e-10,8.11159e-17,58,19812,19812,0.000102509,2.72494e-05,-3.51501e-07
7.97128e-05,6.08176e-05,2.48362e-05,1.29064e-10,8.11173e-17,10,19924,19924,0.000204631,-1.89166e-07,5.53806e-07
0.000289839,0.000105216,1.73271e-05,1.29176e-10,8.11169e-17,41,19973,19973,0.000199171,5.16794e-05,-8.19567e-07
0.000325469,0.000115265,2.21218e-05,1.29646e-10,8.11144e-17,47,20160,20160,0.000142256,4.23562e-05,8.31655e-07
2.13581e-05,7.18436e-05,1.80248e-05,1.29348e-10,8.1116e-17,3,20314,20314,0.000209563,3.35808e-07,-6.17337e-07
0.000253516,8.59925e-05,1.20891e-05,1.29065e-10,8.11168e-17,37,20341,20341,0.000253565,6.65691e-05,1.57057e-06
6.69987e-05,5.81865e-05,8.89332e-06,1.29032e-10,8.11173e-17,8,20611,20611,0.000193991,1.25344e-06,-1.55718e-06
0.000540481,6.36008e-05,1.9203e-05,1.2942e-10,8.11153e-17,76,20660,20660,0.00020892,-4.8752e-05,4.37873e-07
0.000239069,8.7542e-05,7.25892e-06,1.28971e-10,8.11177e-17,35,20694,20694,0.000150429,3.97888e-05,-2.21068e-06
0.000482441,7.46588e-05,1.61963e-05,1.28529e-10,8.11181e-17,69,20748,20748,9.90206e-05,-2.34749e-05,6.20144e-07
8.1444e-05,7.02687e-05,2.55328e-05,1.28826e-10,8.11178e-17,11,20821,20821,0.000148543,-8.72613e-07,-1.90595e-06
0.000271141,8.95609e-05,1.82492e-05,1.29208e-10,8.11163e-17,39,20829,20829,0.000271581,7.14359e-05,-1.23233e-06
4.48637e-05,5.79585e-05,2.84357e-05,1.28962e-10,8.11175e-17,6,20943,20943,9.65188e-05,1.46591e-06,9.9261e-07
0.000533909,6.3851e-05,1.09102e-05,1.29448e-10,8.11154e-17,76,20954,20954,0.000155148,-5.56619e-05,-3.02107e-06
7.04113e-05,7.50084e-05,1.65263e-05,1.29506e-10,8.11149e-17,11,21009,21009,0.000145498,-2.86796e-07,-2.74648e-07
0.000688975,6.16914e-05,1.94478e-05,1.29181e-10,8.11162e-17,98,21018,21018,0.000270075,-2.34689e-06,-1.90607e-06
1.04713e-05,5.33993e-05,2.06026e-05,1.29751e-10,8.1114e-17,0,21035,21035,0.000149631,-2.99214e-06,4.86699e-07
0.000337851,0.000114829,1.08577e-05,1.29667e-10,8.11148e-17,49,21050,21050,0.000207702,5.86591e-05,4.10302e-07
0.00068555,6.91788e-05,2.42799e-05,1.29202e-10,8.11161e-17,99,21155,21155,0.000190814,-6.26281e-07,-2.62258e-07
0.000256052,8.78088e-05,2.2478e-05,1.2909e-10,8.1117e-17,37,21189,21189,0.000242374,6.51166e-05,-5.79946e-08
0.000336721,0.000116261,2.14156e-05,1.2924e-10,8.11163e-17,49,21195,21195,0.000197622,5.41459e-05,-1.6527e-06
0.00017315,6.22714e-05,1.90759e-05,1.29234e-10,8.11162e-17,24,21271,21271,0.000253837,1.33918e-05,-5.05852e-07
0.000300417,0.000108631,2.24232e-05,1.28777e-10,8.11175e-17,43,21438,21438,0.000138606,3.52174e-05,8.78861e-07
0.000718799,5.77758e-05,9.98338e-06,1.2894e-10,8.11179e-17,104,21556,21556,0.000198466,1.89212e-06,1.1566e-06
0.000208887,5.18268e-05,8.01207e-06,1.2924e-10,8.11167e-17,28,21562,21562,3.1304e-05,-7.15206e-06,2.86608e-06
0.00039113,1.81315e-05,2.0756e-05,1.2909e-10,8.11166e-17,54,21581,21581,8.79677e-05,2.35659e-05,-7.5011e-07
0.000562583,5.64534e-05,2.66028e-05,1.29131e-10,8.11165e-17,80,21618,21618,0.000103999,3.18774e-06,1.50581e-06
0.000646029,6.74581e-05,1.20034e-05,1.29219e-10,8.11166e-17,93,21726,21726,0.000250835,1.0388e-06,3.67389e-07
0.000721899,6.95485e-05,9.65777e-06,1.29003e-10,8.11172e-17,105,21757,21757,0.000200655,-8.87688e-07,6.36347e-07
6.71894e-05,5.7205e-05,2.72624e-05,1.29668e-10,8.11143e-17,8,21852,21852,0.000108283,-1.69897e-06,2.76513e-06
0.000428692,9.80971e-05,1.04738e-05,1.28869e-10,8.1118e-17,61,21948,21948,0.000227761,-6.231e-05,3.9576e-07
0.00019781,7.46792e-05,2.73024e-05,1.28934e-10,8.11175e-17,29,22022,22022,0.000115381,3.71477e-05,-1.86608e-06
0.000234371,7.12014e-05,1.8077e-05,1.29314e-10,8.11167e-17,33,22109,22109,0.000126043,3.29647e-05,1.54071e-07
0.000145951,5.61029e-05,1.98037e-05,1.29236e-10,8.11163e-17,20,22144,22144,0.000215054,8.09899e-07,9.17667e-07
0.000348782,0.000110008,8.59212e-06,1.29081e-10,8.11167e-17,49,22173,22173,0.00019476,5.2024e-05,3.81522e-08
0.000635945,7.24605e-05,1.17007e-05,1.29398e-10,8.11156e-17,91,22225,22225,0.000176663,3.68483e-08,-9.01089e-07
0.000719281,5.83591e-05,2.70554e-05,1.29176e-10,8.11164e-17,104,22242,22242,0.000132526,9.10952e-07,-5.05498e-07
0.000119538,6.10652e-05,1.91004e-05,1.29103e-10,8.11164e-17,16,22336,22336,0.000272362,1.77764e-06,-6.91037e-08
0.000723447,5.32587e-05,1.74042e-05,1.29488e-10,8.11151e-17,104,22349,22349,0.000163289,-8.24395e-07,6.55603e-07
0.000141962,7.20247e-05,1.81719e-05,1.29315e-10,8.11159e-17,21,22422,22422,0.000208694,-1.31847e-07,-7.85414e-07
0.000214524,7.5267e-05,1.1398e-05,1.29449e-10,8.11154e-17,31,22428,22428,0.000236948,7.0414e-05,6.5805e-07
0.000534395,8.12579e-05,1.89304e-05,1.29559e-10,8.11152e-17,77,22598,22598,0.000157061,-4.6482e-05,2.1171e-06
0.000528989,5.7236e-05,1.2598e-05,1.29231e-10,8.11159e-17,74,22622,22622,9.58599e-05,-2.05907e-05,-9.02823e-06
0.000409601,9.8425e-05,1.24708e-05,1.2952e-10,8.11148e-17,59,22624,22624,0.000193591,-5.34133e-05,-3.29142e-07
0.000331936,1.78218e-05,2.06673e-05,1.29379e-10,8.11155e-17,46,22715,22715,8.95661e-05,-2.45813e-05,7.54157e-07
0.00032304,0.000100031,9.20012e-06,1.29029e-10,8.1116e-17,47,22767,22767,0.0001753,4.66854e-05,-3.66386e-07
0.000204599,5.32174e-05,2.20876e-05,1.29075e-10,8.11172e-17,28,22937,22937,7.54327e-05,-3.12975e-06,-6.23506e-06
0.000341875,0.00011354,2.88971e-05,1.28586e-10,8.11181e-17,49,22954,22954,7.45313e-05,2.06589e-05,2.09516e-07
0.000162823,5.60119e-05,2.36187e-05,1.29599e-10,8.11145e-17,22,23052,23052,0.000166917,-5.66393e-07,2.63936e-07
0.000500953,8.43286e-05,1.60804e-05,1.29205e-10,8.11165e-17,71,23055,23055,0.000270419,-7.39826e-05,-1.63549e-06
0.000482729,9.16157e-05,1.73363e-05,1.29232e-10,8.11167e-17,69,23067,23067,0.00024701,-6.4667e-05,2.30133e-06
0.000620028,6.31388e-05,2.58005e-05,1.29284e-10,8.11159e-17,88,23074,23074,0.000196417,-1.94432e-06,7.26403e-07
0.000297054,2.56331e-05,2.09426e-05,1.29502e-10,8.11152e-17,42,23140,23140,7.86494e-05,-2.13217e-05,-7.35385e-07
0.000694832,6.33418e-05,2.56452e-05,1.29608e-10,8.11149e-17,100,23155,23155,0.00019353,1.26572e-06,5.59801e-07
0.000273178,9.89229e-05,1.00542e-05,1.29046e-10,8.11165e-17,39,23217,23217,0.000174022,4.65393e-05,1.0607e-06
0.000539532,8.04781e-05,1.01165e-05,1.29726e-10,8.11145e-17,77,23339,23339,9.62138e-05,-2.37562e-05,-4.24189e-06
0.000653123,6.57691e-05,2.06191e-05,1.29236e-10,8.11164e-17,94,23347,23347,0.000260884,7.23489e-07,5.26049e-07
0.0007274,6.27052e-05,1.11345e-05,1.29152e-10,8.11163e-17,104,23373,23373,0.000251805,-1.23744e-06,2.37826e-06
0.000390135,0.000111631,1.61499e-05,1.2916e-10,8.11164e-17,55,23479,23479,0.000280018,-6.82714e-05,-4.55712e-07
1.87741e-05,6.74643e-05,1.16839e-05,1.29287e-10,8.11157e-17,3,23620,23620,0.00024343,-6.23073e-07,-1.92318e-06
0.000315798,0.000101445,1.95809e-05,1.29102e-10,8.11167e-17,45,23672,23672,0.000266053,6.98285e-05,-4.90685e-06
0.000310909,2.56319e-05,2.04572e-05,1.29263e-10,8.11161e-17,44,23699,23699,9.55477e-05,-2.60976e-05,-2.59581e-07
8.46398e-05,6.94435e-05,1.00215e-05,1.29584e-10,8.11147e-17,13,23826,23826,0.000203842,1.52351e-06,-1.18711e-06
0.000647975,7.29733e-05,2.17483e-05,1.28806e-10,8.11177e-17,93,23925,23925,0.000164205,5.57748e-08,-1.505e-06
0.000499223,8.48162e-05,9.21873e-06,1.29202e-10,8.11163e-17,71,23989,23989,0.000203722,-5.55183e-05,4.95567e-08
0.000556977,7.28063e-05,1.52175e-05,1.29271e-10,8.11162e-17,81,24002,24002,0.000206856,-3.37232e-05,-1.23123e-06
0.000199798,6.89025e-05,1.16408e-05,1.29217e-10,8.11163e-17,29,24050,24050,0.000203648,7.50102e-05,-3.48401e-08
0.000577495,6.14919e-05,1.49724e-05,1.29175e-10,8.11165e-17,82,24116,24116,0.000278946,-5.20787e-06,3.93462e-06
0.000325677,0.000104447,1.73869e-05,1.2915e-10,8.11167e-17,47,24146,24146,0.000278595,7.56114e-05,2.96595e-06
0.000190072,6.58606e-05,1.63715e-05,1.29249e-10,8.11159e-17,26,24194,24194,0.000231319,5.39908e-05,3.49514e-07
0.00053436,5.25912e-05,2.25056e-05,1.28935e-10,8.1117e-17,76,24212,24212,8.52002e-05,-3.20512e-06,4.34174e-06
0.000244571,8.8292e-05,2.22769e-05,1.29265e-10,8.11164e-17,35,24274,24274,0.000226928,6.2603e-05,-2.47844e-06
0.000589123,5.9293e-05,1.3668e-05,1.29121e-10,8.11166e-17,84,24298,24298,0.000260104,5.04974e-08,-4.304e-07
0.000685849,5.5324e-05,1.72904e-05,1.29134e-10,8.1117e-17,98,24380,24380,0.000209376,-1.72829e-07,-4.23324e-07
0.000347864,0.000112389,1.66764e-05,1.29212e-10,8.11162e-17,49,24406,24406,0.000282917,7.31093e-05,2.7845e-06
0.00037618,0.000109642,1.51144e-05,1.29178e-10,8.1116e-17,53,24520,24520,0.000257198,-5.50546e-05,-1.58494e-06
0.000212272,5.32256e-05,1.62932e-05,1.29256e-10,8.11159e-17,30,24541,24541,8.92382e-05,-2.20794e-05,4.36286e-07
0.000229356,7.66858e-05,1.9183e-05,1.29398e-10,8.11154e-17,33,24633,24633,0.000254554,7.01997e-05,1.34806e-06
0.000211144,6.73693e-05,1.20318e-05,1.29064e-10,8.11173e-17,31,24759,24759,0.000161346,6.97189e-05,-6.25571e-06
0.000437988,3.16483e-05,1.38092e-05,1.29204e-10,8.11162e-17,62,24779,24779,9.75807e-05,2.56857e-05,-4.15855e-07
0.000555956,6.47115e-05,2.16692e-05,1.2893e-10,8.11176e-17,78,24867,24867,0.000229046,-2.00133e-05,1.93751e-06
6.66254e-05,7.08774e-05,8.36788e-06,1.29033e-10,8.11171e-17,9,24883,24883,0.000156277,-1.72709e-06,-2.66582e-07
0.000668559,5.89835e-05,2.53807e-05,1.29313e-10,8.11165e-17,96,24980,24980,0.000176434,2.52384e-06,2.97206e-06
0.000509172,7.78189e-05,1.29485e-05,1.29288e-10,8.1116e-17,73,25071,25071,0.000263022,-7.06805e-05,-2.71529e-06
0.000601891,6.79165e-05,1.94425e-05,1.29256e-10,8.11161e-17,87,25108,25108,0.000258491,2.56748e-06,-1.25569e-06
0.000202157,8.1884e-05,2.27334e-05,1.29141e-10,8.11171e-17,29,25197,25197,0.000131752,3.7652e-05,-1.98642e-06
0.000240277,7.98374e-05,2.23972e-05,1.29468e-10,8.1115e-17,35,25200,25200,0.000226711,6.04439e-05,-1.25122e-06
0.000662617,6.87223e-05,2.00738e-05,1.29139e-10,8.11165e-17,95,25221,25221,0.000251166,2.11138e-06,-7.66454e-07
9.72803e-05,6.72484e-05,2.11872e-05,1.29305e-10,8.11158e-17,13,25301,25301,0.000250261,3.83108e-08,1.18436e-06
0.000702679,6.86278e-05,9.75856e-06,1.29058e-10,8.11174e-17,101,25307,25307,0.000215479,-1.15714e-06,8.49425e-07
0.000491258,9.3285e-05,1.24559e-05,1.29876e-10,8.11131e-17,71,25362,25362,0.00014961,-3.86856e-05,-1.31537e-06
0.000307435,0.000105647,2.24128e-05,1.28924e-10,8.11178e-17,43,25464,25464,0.000219688,5.8713e-05,5.23986e-07
0.000664146,7.28701e-05,1.08451e-05,1.29264e-10,8.11158e-17,95,25632,25632,0.000162321,2.97158e-07,9.51533e-08
0.000222878,4.57282e-05,2.10514e-05,1.29443e-10,8.1115e-17,30,25674,25674,7.6525e-05,-1.87312e-05,-1.73216e-06
0.000628348,5.69397e-05,9.7047e-06,1.29005e-10,8.11172e-17,90,25696,25696,0.000186056,-7.3696e-07,-1.26563e-06
0.00018152,6.93067e-05,2.2022e-05,1.29143e-10,8.11169e-17,25,25725,25725,0.000210176,3.95966e-05,-1.74809e-06
0.000584155,6.2096e-05,2.29753e-05,1.29173e-10,8.11167e-17,84,25738,25738,0.000238188,-7.45873e-07,1.26786e-06
0.000535791,7.15195e-05,1.5484e-05,1.29234e-10,8.11164e-17,77,25760,25760,0.00023975,-7.63052e-05,-2.43054e-06
0.000277459,9.20645e-05,2.42928e-05,1.29298e-10,8.11157e-17,39,25891,25891,0.000208999,5.47417e-05,1.71993e-06
0.000651619,5.96415e-05,1.00532e-05,1.29144e-10,8.11157e-17,94,25911,25911,0.000225036,-1.49819e-06,3.17841e-06
0.000194125,7.84501e-05,1.04514e-05,1.29156e-10,8.11165e-17,27,25940,25940,0.000145474,3.97557e-05,-7.10205e-07
0.000457201,9.55825e-05,6.68999e-06,1.29071e-10,8.11153e-17,65,25948,25948,0.000150915,-3.95116e-05,-9.71603e-07
0.000477348,8.50132e-05,1.26814e-05,1.29156e-10,8.11168e-17,69,26343,26343,0.000256033,-6.88496e-05,1.19965e-06
0.000128235,6.41081e-05,6.37166e-06,1.29203e-10,8.1116e-17,18,26396,26396,0.000173841,9.37366e-07,-8.21318e-07
0.000112414,7.21514e-05,1.75431e-05,1.29325e-10,8.11163e-17,17,26420,26420,0.000207066,-1.14879e-06,-2.51019e-06
0.000638884,6.11656e-05,1.17388e-05,1.29297e-10,8.11161e-17,92,26481,26481,0.00025501,2.35385e-06,-8.46221e-07
0.000205361,7.73389e-05,1.52718e-05,1.29181e-10,8.11161e-17,29,26520,26520,0.000243056,7.92281e-05,1.00305e-06
2.82516e-05,7.60039e-05,2.0215e-05,1.29767e-10,8.11146e-17,5,26527,26527,9.96493e-05,7.38438e-07,-1.56813e-06
0.0004555,9.12425e-05,2.4475e-05,1.29237e-10,8.11162e-17,65,26575,26575,0.000202997,-5.36446e-05,1.37771e-07
0.000586385,7.65541e-05,1.20035e-05,1.29433e-10,8.11156e-17,85,26695,26695,7.51569e-05,-9.76892e-07,-9.85061e-08
0.000383294,2.02419e-05,1.85167e-05,1.28873e-10,8.11176e-17,54,26831,26831,6.30606e-05,1.74785e-05,1.05162e-07
0.000314304,0.000108473,1.05481e-05,1.29281e-10,8.11165e-17,45,26857,26857,0.000201895,5.43064e-05,-3.58714e-07
0.000309137,0.000101974,1.07645e-05,1.29044e-10,8.11169e-17,45,26949,26949,0.000239867,6.43744e-05,2.45449e-07
0.000376082,0.000110343,8.31452e-06,1.29022e-10,8.11161e-17,53,27114,27114,0.00017671,-3.90884e-05,-1.28706e-06
0.000213176,8.47441e-05,1.03996e-05,1.29365e-10,8.11153e-17,31,27187,27187,0.000146509,3.82635e-05,2.09972e-06
0.000382486,0.000111476,2.2358e-05,1.28939e-10,8.11175e-17,55,27202,27202,0.000242152,-6.14338e-05,3.46946e-08
0.00046113,8.33574e-05,2.13312e-05,1.29751e-10,8.11129e-17,65,27218,27218,0.000153737,-4.23264e-05,-1.24282e-06
0.000524487,5.07605e-05,2.32432e-05,1.29111e-10,8.11165e-17,74,27243,27243,5.48857e-05,9.96775e-06,5.00085e-06
0.000191124,6.26677e-05,9.70434e-06,1.29029e-10,8.11173e-17,26,27355,27355,0.0001629,3.73034e-05,7.56387e-06
0.000154765,6.30556e-05,2.0047e-05,1.29145e-10,8.11164e-17,22,27470,27470,0.000269737,-1.57709e-07,-1.92714e-08
0.000333339,0.000100671,1.22062e-05,1.29778e-10,8.11136e-17,47,27487,27487,0.000180203,4.64173e-05,-4.1349e-07
0.000510875,8.69954e-05,1.11496e-05,1.29222e-10,8.11166e-17,73,27635,27635,0.000163355,-4.22786e-05,-1.0181e-06
5.63974e-05,6.89606e-05,2.24822e-05,1.29217e-10,8.11162e-17,9,27637,27637,0.000219152,1.04892e-06,-1.325e-06
0.00046188,8.88217e-05,1.18501e-05,1.29127e-10,8.11168e-17,67,27675,27675,0.000243208,-6.3265e-05,-1.6998e-07
0.000214102,7.92866e-05,1.9946e-05,1.29209e-10,8.11161e-17,31,27854,27854,0.000253904,7.35039e-05,8.05419e-07
0.000586097,5.95158e-05,7.29045e-06,1.29025e-10,8.11159e-17,84,27903,27903,0.000175566,-6.84395e-07,5.33421e-07
0.000286943,2.60498e-05,1.60004e-05,1.29193e-10,8.11165e-17,40,27916,27916,7.69752e-05,-2.0991e-05,4.91809e-07
0.000225097,8.86023e-05,9.54929e-06,1.29426e-10,8.11154e-17,33,27972,27972,0.000112771,3.07e-05,1.92035e-06
0.000171171,6.46798e-05,1.10311e-05,1.29006e-10,8.11173e-17,24,27973,27973,0.00023553,1.60512e-05,9.65687e-07
0.000203563,7.69936e-05,8.45052e-06,1.29122e-10,8.11169e-17,29,27982,27982,0.000172439,5.47011e-05,2.38932e-07
0.00028884,9.39877e-05,1.65655e-05,1.29224e-10,8.11167e-17,41,28055,28055,0.000275291,7.23062e-05,1.96041e-06
0.00013023,7.40559e-05,1.17855e-05,1.28712e-10,8.1119e-17,19,28125,28125,0.000139981,-3.2488e-06,2.32568e-06
0.000471673,7.93025e-05,2.0646e-05,1.29112e-10,8.11177e-17,67,28165,28165,0.000130938,-3.33552e-05,1.71115e-06
0.000482767,9.12672e-05,9.21629e-06,1.29195e-10,8.11162e-17,69,28176,28176,0.000181138,-4.81427e-05,7.21692e-07
0.00067392,5.35241e-05,1.72685e-05,1.29207e-10,8.11154e-17,96,28279,28279,0.000169166,1.89008e-07,1.56272e-07
0.000273497,8.93118e-05,9.56585e-06,1.2892e-10,8.11176e-17,39,28385,28385,0.000208907,5.69501e-05,-1.67147e-06
0.000230677,8.57743e-05,1.46422e-05,1.29054e-10,8.11167e-17,33,28489,28489,0.000251288,6.58449e-05,2.13006e-08
2.91606e-05,6.48684e-05,2.07398e-05,1.29241e-10,8.11164e-17,4,28550,28550,0.000261303,2.25802e-06,-1.82423e-06
0.00056541,6.43765e-05,1.91524e-05,1.29219e-10,8.11165e-17,80,28603,28603,0.000270615,-1.24816e-05,-9.3458e-07
0.000280329,8.57959e-05,1.84884e-05,1.29449e-10,8.11155e-17,41,28609,28609,0.000189184,4.94044e-05,-1.62286e-06
0.000192953,5.76489e-05,2.2845e-05,1.29421e-10,8.11157e-17,26,28704,28704,0.000134398,2.09369e-05,-7.08703e-06
0.000394049,0.000100812,1.68629e-05,1.29395e-10,8.11155e-17,57,28786,28786,0.000172689,-4.57599e-05,1.63853e-07
0.000374727,1.3009e-05,1.9211e-05,1.29193e-10,8.11166e-17,52,28854,28854,0.000102923,2.3744e-05,-4.55151e-07
0.000664068,6.23842e-05,8.3025e-06,1.29108e-10,8.11164e-17,94,28898,28898,0.00021054,6.59968e-07,6.29307e-07
0.000452656,8.41143e-05,1.65074e-05,1.2936e-10,8.11151e-17,65,28926,28926,0.000150544,-4.12494e-05,-4.52881e-07
0.000404737,0.000104398,1.24165e-05,1.29414e-10,8.1115e-17,57,29019,29019,0.000249836,-6.70816e-05,-2.65363e-06
1.5709e-05,6.01077e-05,1.06947e-05,1.28904e-10,8.11174e-17,2,29071,29071,0.000233469,-1.04648e-06,-1.08786e-06
5.57189e-05,6.16131e-05,2.54436e-05,1.29522e-10,8.11151e-17,6,29210,29210,0.000197541,1.18207e-06,3.4032e-07
0.00028968,9.14295e-05,2.43227e-05,1.28654e-10,8.11188e-17,41,29251,29251,0.000169846,4.7051e-05,-5.43339e-07
0.00012448,7.14002e-05,1.89992e-05,1.29215e-10,8.1116e-17,17,29262,29262,0.000214314,3.27073e-10,3.30031e-06
0.000492116,7.67605e-05,2.18457e-05,1.29755e-10,8.11142e-17,71,29272,29272,0.000184756,-5.0607e-05,8.32787e-07
0.00039883,1.88113e-05,1.71221e-05,1.29182e-10,8.11168e-17,56,29276,29276,0.000114119,3.04899e-05,1.28234e-07
9.05088e-06,5.73184e-05,1.03896e-05,1.28972e-10,8.11173e-17,0,29365,29365,0.000200419,7.20819e-07,-1.20707e-06
0.000477007,9.92132e-05,2.02853e-05,1.28787e-10,8.11182e-17,69,29442,29442,9.57512e-05,-2.49473e-05,-3.47748e-07
0.000706508,5.69704e-05,8.36067e-06,1.29532e-10,8.11156e-17,102,29455,29455,0.000162504,-7.18448e-07,-1.3214e-06
0.000266174,9.54433e-05,1.98158e-05,1.29107e-10,8.1117e-17,39,29775,29775,0.000242741,6.50153e-05,-2.11968e-07
1.03686e-05,6.76855e-05,5.26013e-06,1.29114e-10,8.11159e-17,1,29847,29847,0.000126641,4.74636e-07,-4.60131e-07
0.000385896,0.000115003,9.85181e-06,1.29155e-10,8.11166e-17,55,29866,29866,0.000215248,-5.47453e-05,8.48582e-07
